{"cameraMode":{"drawMode":0,"name":"Shaded","section":"Shading Mode"},"sceneLighting":true,"audioPlay":false,"sceneViewState":{"showFog":true,"showMaterialUpdate":true,"showSkybox":true,"showFlares":true,"showImageEffects":true,"showParticleSystems":true},"in2DMode":false,"pivot":{"x":0.8834776878356934,"y":1.7053498029708863,"z":1.1598929166793824},"rotation":{"x":0.2126833200454712,"y":0.13174499571323396,"z":-0.028951166197657586,"w":0.9678544402122498},"size":12.5494966506958,"orthographic":false}